"Wilhelmine Stracke PhD","2016-08-31 10:00:00",20
"Leola Osinski IV","2016-08-31 10:00:04",11
"Pietro Spencer","2016-08-31 10:00:10",21
"Selmer Pollich","2016-08-31 10:00:10",15
"Alec Beatty V","2016-08-31 10:00:11",11
"Marlee Ferry","2016-08-31 10:00:18",17
"Tyrel Thiel","2016-08-31 10:00:20",13
"Mr. Nicholas Gutmann","2016-08-31 10:00:23",6
"Vida Lindgren IV","2016-08-31 10:00:29",21
"Tiara Smitham","2016-08-31 10:00:36",24
"Shanna Padberg","2016-08-31 10:00:38",14
"Stephen Flatley","2016-08-31 10:00:45",9
"Zack O'Kon","2016-08-31 10:00:46",8
"Talia Bosco DVM","2016-08-31 10:00:50",23
"Blaise Orn","2016-08-31 10:00:58",17
"Raven Hegmann","2016-08-31 10:01:01",12
"Marisa Stiedemann","2016-08-31 10:01:06",23
"Mireille Kemmer","2016-08-31 10:01:13",24
"Dr. Khalil Considine","2016-08-31 10:01:14",14
"Dr. Joe Schimmel","2016-08-31 10:01:23",6
"Marina Rempel","2016-08-31 10:01:23",14
"Miss Frederick Miller","2016-08-31 10:01:30",14
"Haskell Frami","2016-08-31 10:01:31",23
"Vesta Tromp","2016-08-31 10:01:35",14
"Ms. Alexandro Gibson","2016-08-31 10:01:35",6
"Eliseo Kirlin PhD","2016-08-31 10:01:43",19
"Blaise Haag V","2016-08-31 10:01:47",16
"Mrs. Maribel Strosin","2016-08-31 10:01:49",18
"Mason Blick","2016-08-31 10:01:58",10
"Titus Schultz","2016-08-31 10:02:02",20
"Maia Wolff","2016-08-31 10:02:09",23
"Golden Hessel","2016-08-31 10:02:13",9
"Cristobal Conroy","2016-08-31 10:02:18",8
"Marcellus Nitzsche PhD","2016-08-31 10:02:23",7
"Kian Stoltenberg","2016-08-31 10:02:29",16
"Pattie Towne","2016-08-31 10:02:31",18
"Casper Gislason","2016-08-31 10:02:34",5
"Dina Gerhold","2016-08-31 10:02:37",24
"Jarvis Abbott","2016-08-31 10:02:45",15
"Melyna Reynolds","2016-08-31 10:02:46",14
"Kameron Watsica","2016-08-31 10:02:52",9
"Maxime Hahn","2016-08-31 10:02:57",5
"Nikki Mraz","2016-08-31 10:02:58",20
"Patsy Veum","2016-08-31 10:03:01",8
"Diamond West","2016-08-31 10:03:09",15
"Alvena Hermiston","2016-08-31 10:03:14",12
"Lavern Greenfelder","2016-08-31 10:03:15",10
"Demarco Sawayn","2016-08-31 10:03:17",22
"Marquise Hane","2016-08-31 10:03:26",18
"Lawrence Cartwright II","2016-08-31 10:03:35",22
"Leonora Monahan","2016-08-31 10:03:40",22
"Ross Mayert","2016-08-31 10:03:43",23
"Karley McLaughlin","2016-08-31 10:03:49",17
"Irwin Borer","2016-08-31 10:03:53",5
"Nora Treutel PhD","2016-08-31 10:04:00",17
"Alyce Buckridge","2016-08-31 10:04:00",24
"Dr. Fletcher Lemke","2016-08-31 10:04:02",19
"Francisca Hudson","2016-08-31 10:04:11",7
"Sincere Hilll","2016-08-31 10:04:12",17
"Mrs. Lila Goodwin","2016-08-31 10:04:15",22
"Delilah Murphy","2016-08-31 10:04:16",16
"Jaime Adams DVM","2016-08-31 10:04:25",12
"Kailyn Monahan V","2016-08-31 10:04:30",9
"Alda Strosin","2016-08-31 10:04:32",24
"Miss Gus Hintz","2016-08-31 10:04:38",14
"Dimitri Rippin IV","2016-08-31 10:04:38",16
"Nelda Hahn","2016-08-31 10:04:44",7
"Orin Stanton","2016-08-31 10:04:51",12
"Ms. Rosetta Koch","2016-08-31 10:04:57",12
"Javonte Kihn","2016-08-31 10:04:57",9
"Vicente Moen II","2016-08-31 10:04:58",18
"Daren Stoltenberg","2016-08-31 10:05:03",17
"Myah Homenick","2016-08-31 10:05:11",12
"Elissa Ward","2016-08-31 10:05:19",7
"Vita Brown","2016-08-31 10:05:26",8
"Joelle Roob","2016-08-31 10:05:35",15
"Hermann Kuvalis","2016-08-31 10:05:41",17
"Kiara Koss PhD","2016-08-31 10:05:45",9
"Rosa Tromp","2016-08-31 10:05:54",14
"Emmitt Homenick","2016-08-31 10:05:57",15
"Ms. Madison Bradtke","2016-08-31 10:06:00",12
"Elda Boyle DDS","2016-08-31 10:06:09",24
"Alvera Kerluke","2016-08-31 10:06:10",13
"Javier Kemmer","2016-08-31 10:06:14",20
"Twila Considine","2016-08-31 10:06:15",15
"Ms. Ricardo McGlynn","2016-08-31 10:06:20",10
"Hollis Block","2016-08-31 10:06:24",23
"Anais Langosh","2016-08-31 10:06:24",10
"Gaston Gerlach","2016-08-31 10:06:26",6
"Arnold Wiegand IV","2016-08-31 10:06:28",13
"Tania Wolf","2016-08-31 10:06:29",10
"Fiona Volkman","2016-08-31 10:06:33",10
"Adrain Krajcik","2016-08-31 10:06:39",10
"Loma Quitzon Jr.","2016-08-31 10:06:44",19
"Mr. Hadley Erdman","2016-08-31 10:06:47",9
"Buster Brown","2016-08-31 10:06:56",7
"Ms. Zola Schoen","2016-08-31 10:06:57",14
"Herbert Rath","2016-08-31 10:07:04",21
"Raquel Bode DDS","2016-08-31 10:07:11",23
"Levi Conroy","2016-08-31 10:07:16",19
"Dr. Gerhard Shanahan","2016-08-31 10:07:18",12
"Rusty Will","2016-08-31 10:07:27",5
"Mrs. Kurtis Borer","2016-08-31 10:07:31",24
"Ludwig Waelchi","2016-08-31 10:07:39",18
"Vivian Grady","2016-08-31 10:07:39",17
"Briana Greenholt Sr.","2016-08-31 10:07:44",15
"Winona Ernser","2016-08-31 10:07:52",19
"Fernando Altenwerth","2016-08-31 10:07:56",9
"Allen Blanda","2016-08-31 10:07:57",21
"Miss Sedrick Fadel","2016-08-31 10:08:00",11
"Torey Reynolds","2016-08-31 10:08:02",19
"Sigrid Kerluke","2016-08-31 10:08:05",20
"Willie Jacobs MD","2016-08-31 10:08:14",8
"Shaylee Walker","2016-08-31 10:08:20",13
"Mr. Deonte Berge","2016-08-31 10:08:23",14
"General Stoltenberg","2016-08-31 10:08:25",18
"Orval Goodwin","2016-08-31 10:08:31",12
"Oral Paucek","2016-08-31 10:08:32",9
"Casandra Dickens","2016-08-31 10:08:37",15
"Augusta Kautzer MD","2016-08-31 10:08:40",8
"Mrs. Jonathon Kemmer","2016-08-31 10:08:48",19
"Belle Stehr II","2016-08-31 10:08:51",15
"Mrs. Hailey Metz","2016-08-31 10:09:00",5
"Jose Bins","2016-08-31 10:09:05",7
"Chaim Kemmer","2016-08-31 10:09:14",22
"Dr. Berniece Feeney","2016-08-31 10:09:16",14
"Shanie Armstrong","2016-08-31 10:09:24",22
"Madonna Gislason","2016-08-31 10:09:32",14
"Jonas Quigley","2016-08-31 10:09:34",17
"Mrs. Joannie Erdman","2016-08-31 10:09:38",12
"Naomi Zboncak","2016-08-31 10:09:40",22
"Rubie O'Hara","2016-08-31 10:09:43",21
"Kaleb Hodkiewicz","2016-08-31 10:09:52",14
"Emanuel Langosh","2016-08-31 10:09:54",5
"Enid Heaney","2016-08-31 10:09:54",10
"Iva Jakubowski","2016-08-31 10:09:55",17
"Sharon Koss","2016-08-31 10:09:58",15
"Damon Donnelly","2016-08-31 10:10:06",6
"Terrell Wintheiser","2016-08-31 10:10:11",7
"Javier Franecki","2016-08-31 10:10:20",12
"Lucinda Kemmer","2016-08-31 10:10:20",11
"Una Hessel","2016-08-31 10:10:26",15
"Candice Willms","2016-08-31 10:10:32",7
"Larue Erdman","2016-08-31 10:10:41",24
"Elwyn Parisian DVM","2016-08-31 10:10:47",14
"Toby Wyman II","2016-08-31 10:10:53",6
"Eleanore Conroy III","2016-08-31 10:11:02",5
"Leilani Quitzon","2016-08-31 10:11:03",22
"Mrs. Angelo Kuvalis","2016-08-31 10:11:06",21
"Dandre Padberg","2016-08-31 10:11:11",22
"Marina Lindgren","2016-08-31 10:11:19",19
"Baron Collins","2016-08-31 10:11:22",21
"Prince Gutkowski","2016-08-31 10:11:31",12
"Adan Walker","2016-08-31 10:11:34",14
"Camryn Ullrich","2016-08-31 10:11:39",18
"Einar Crona IV","2016-08-31 10:11:48",20
"Blanca Torp","2016-08-31 10:11:56",5
"Alvah Harber","2016-08-31 10:12:05",17
"Antoinette Johns","2016-08-31 10:12:08",23
"Quinton Gorczany","2016-08-31 10:12:08",12
"Connor Schmitt","2016-08-31 10:12:12",7
"Martina Kohler","2016-08-31 10:12:14",13
"Cortney Terry","2016-08-31 10:12:21",10
"Janelle Nitzsche","2016-08-31 10:12:24",11
"Audreanne Bode","2016-08-31 10:12:30",7
"Leda Lang","2016-08-31 10:12:30",14
"Lew Marks V","2016-08-31 10:12:37",8
"June Jacobs","2016-08-31 10:12:39",20
"Paxton Bins","2016-08-31 10:12:43",5
"Gideon Harris","2016-08-31 10:12:43",15
"Arielle Abernathy IV","2016-08-31 10:12:45",14
"Shirley Langosh","2016-08-31 10:12:49",14
"Lowell Windler","2016-08-31 10:12:52",21
"Madyson Nienow","2016-08-31 10:12:53",11
"Rashad Klein","2016-08-31 10:13:00",17
"Van Sanford","2016-08-31 10:13:08",17
"Lilian Bechtelar","2016-08-31 10:13:14",6
"Mrs. Christelle Hickle","2016-08-31 10:13:15",9
"Fredy Pouros","2016-08-31 10:13:22",22
"Mr. Santiago Wintheiser","2016-08-31 10:13:29",11
"Ashly Halvorson DVM","2016-08-31 10:13:32",6
"Tomas Douglas","2016-08-31 10:13:37",6
"Osvaldo Balistreri","2016-08-31 10:13:38",19
"Zion Considine","2016-08-31 10:13:47",8
"Coy Torphy","2016-08-31 10:13:51",12
"Mrs. Allene Abshire","2016-08-31 10:13:56",9
"Jade Gislason","2016-08-31 10:14:05",13
"Oswald Schowalter","2016-08-31 10:14:09",13
"Rudolph Johnston","2016-08-31 10:14:17",17
"Caterina Stoltenberg","2016-08-31 10:14:23",21
"Miss Theo Kiehn","2016-08-31 10:14:24",17
"Rebeca Pouros MD","2016-08-31 10:14:25",23
"Donna Roberts","2016-08-31 10:14:30",15
"Ms. Calista Wunsch","2016-08-31 10:14:32",18
"Lorenz Tromp III","2016-08-31 10:14:36",10
"Lucy Denesik","2016-08-31 10:14:39",5
"Tyrell Weissnat","2016-08-31 10:14:46",18
"Earlene Beatty","2016-08-31 10:14:46",22
"Dr. Layla Ondricka","2016-08-31 10:14:54",6
"Mrs. Dean McClure","2016-08-31 10:14:56",16
"Dr. Anais Strosin","2016-08-31 10:14:58",15
"Randy Rohan","2016-08-31 10:15:02",18
"Monte Runte PhD","2016-08-31 10:15:08",8
"Dustin Bradtke","2016-08-31 10:15:10",16
"Claudia Funk","2016-08-31 10:15:12",13
"Mrs. Milton Dicki","2016-08-31 10:15:19",16
"Aiden Heidenreich","2016-08-31 10:15:25",17
"Ms. Dimitri Veum","2016-08-31 10:15:25",13
"Wayne Beahan","2016-08-31 10:15:33",21
"Halie Bayer","2016-08-31 10:15:33",13
"Dr. Nathan Doyle","2016-08-31 10:15:34",10
"Cassandra Lynch","2016-08-31 10:15:37",17
"Miss Daniella Greenfelder","2016-08-31 10:15:41",15
"Dr. Breanna Franecki","2016-08-31 10:15:48",17
"Evans Grant Sr.","2016-08-31 10:15:57",21
"Christine Bahringer","2016-08-31 10:15:58",22
"Nigel Schimmel","2016-08-31 10:16:07",14
"Carey Rowe","2016-08-31 10:16:08",13
"Norma Schuster","2016-08-31 10:16:16",5
"Jacinthe Franecki Jr.","2016-08-31 10:16:21",18
"Amani Lubowitz","2016-08-31 10:16:29",8
"Alexander Williamson","2016-08-31 10:16:30",14
"Opal Stracke","2016-08-31 10:16:39",23
"Krista Wunsch","2016-08-31 10:16:47",7
"Derek Huels Jr.","2016-08-31 10:16:49",23
"Mozell Wintheiser","2016-08-31 10:16:58",22
"Jacynthe Balistreri","2016-08-31 10:17:05",21
"Mr. Floyd Emard","2016-08-31 10:17:10",11
"Lourdes Stark","2016-08-31 10:17:18",13
"Cecile Pfannerstill","2016-08-31 10:17:20",13
"Miguel VonRueden","2016-08-31 10:17:24",17
"Dillon Gleichner","2016-08-31 10:17:26",5
"Cory Bayer","2016-08-31 10:17:26",9
"Zackary Hermann","2016-08-31 10:17:26",17
"Adeline Hills","2016-08-31 10:17:28",15
"Ms. Joshua Trantow","2016-08-31 10:17:35",17
"Mrs. Kaylie Hilpert","2016-08-31 10:17:41",9
"Elise Gulgowski","2016-08-31 10:17:43",22
"Bud Hirthe","2016-08-31 10:17:44",17
"Royce Frami","2016-08-31 10:17:48",9
"Franco Grant","2016-08-31 10:17:51",7
"Preston Harvey DVM","2016-08-31 10:17:52",23
"Juwan Howell","2016-08-31 10:17:55",16
"Mitchell Rogahn","2016-08-31 10:17:56",14
"Omer Nienow","2016-08-31 10:18:04",23
"Jovany Bergstrom","2016-08-31 10:18:06",17
"Chelsie Medhurst","2016-08-31 10:18:08",23
"Efren Buckridge","2016-08-31 10:18:08",23
"Hannah Mann III","2016-08-31 10:18:15",22
"Stanford Adams","2016-08-31 10:18:22",14
"Ali Farrell","2016-08-31 10:18:29",18
"Rowland Brown","2016-08-31 10:18:32",9
"Kacie Flatley","2016-08-31 10:18:34",16
"Una Senger","2016-08-31 10:18:41",24
"Xander Konopelski","2016-08-31 10:18:46",9
"Leopold Hermann I","2016-08-31 10:18:54",6
"Nicolette Feest","2016-08-31 10:18:59",16
"Pearl Kling","2016-08-31 10:19:00",8
"Ms. Ben Yundt","2016-08-31 10:19:05",20
"Dustin Schmitt","2016-08-31 10:19:07",24
"Sallie Ortiz","2016-08-31 10:19:09",9
"Miss Jean Runte","2016-08-31 10:19:10",7
"Dr. Stephen Toy","2016-08-31 10:19:15",10
"Ms. Kade Metz","2016-08-31 10:19:20",20
"Brooklyn Rice Jr.","2016-08-31 10:19:25",21
"Dianna Hand","2016-08-31 10:19:29",22
"Odell Robel","2016-08-31 10:19:29",21
"Celine Grimes","2016-08-31 10:19:31",15
"Lori Reichel","2016-08-31 10:19:34",5
"Ambrose Wyman","2016-08-31 10:19:41",20
"Birdie Maggio V","2016-08-31 10:19:41",9
"Mellie Rippin","2016-08-31 10:19:47",20
"Morgan Haley","2016-08-31 10:19:49",17
"Carlee Mayer","2016-08-31 10:19:56",6
"Liza Moen","2016-08-31 10:20:02",10
"Cooper Lemke","2016-08-31 10:20:02",8
"Terrence Waelchi DVM","2016-08-31 10:20:06",13
"Selena Sauer II","2016-08-31 10:20:14",22
"Santino Wisoky","2016-08-31 10:20:21",19
"Amanda Gulgowski","2016-08-31 10:20:22",20
"Mossie McCullough","2016-08-31 10:20:31",19
"Joesph O'Conner","2016-08-31 10:20:38",6
"General Prosacco","2016-08-31 10:20:42",9
"Miss Helene Hand","2016-08-31 10:20:50",9
"Ewald Donnelly","2016-08-31 10:20:51",19
"Vanessa Macejkovic I","2016-08-31 10:20:51",23
"Demetrius Marquardt MD","2016-08-31 10:20:57",6
"Nicola Schuppe","2016-08-31 10:21:01",23
"Dr. Ima Dicki","2016-08-31 10:21:04",10
"Ms. Candelario Halvorson","2016-08-31 10:21:07",8
"Abelardo Howe Sr.","2016-08-31 10:21:11",22
"Thea Wintheiser","2016-08-31 10:21:17",7
"Tony Konopelski Jr.","2016-08-31 10:21:25",11
"Camille Ullrich V","2016-08-31 10:21:30",11
"Delphia Hammes","2016-08-31 10:21:33",15
"Graciela Murphy","2016-08-31 10:21:33",9
"Raleigh Barrows","2016-08-31 10:21:36",11
"Miss Trystan Schaefer","2016-08-31 10:21:44",22
"Kaleb Walter","2016-08-31 10:21:44",9
"Modesto Satterfield","2016-08-31 10:21:44",24
"Dan Collier DVM","2016-08-31 10:21:50",18
"Amber McClure","2016-08-31 10:21:58",11
"Alexane Kassulke","2016-08-31 10:21:58",13
"Paula Hyatt","2016-08-31 10:22:06",12
"Roselyn Kshlerin","2016-08-31 10:22:14",22
"Tremaine Fahey","2016-08-31 10:22:21",19
"Rebekah Cronin","2016-08-31 10:22:30",12
"Ms. Presley Friesen","2016-08-31 10:22:32",12
"Orrin Cole","2016-08-31 10:22:38",11
"Mrs. Susanna Sauer","2016-08-31 10:22:40",6
"Jazmyne Keebler IV","2016-08-31 10:22:48",24
"Houston Connelly","2016-08-31 10:22:50",9
"Eula McCullough","2016-08-31 10:22:50",22
"Miss Sallie Kreiger","2016-08-31 10:22:54",7
"Keenan Graham","2016-08-31 10:22:58",18
"Zetta Schultz III","2016-08-31 10:23:06",6
"Eve Yundt III","2016-08-31 10:23:07",6
"Elmo Durgan","2016-08-31 10:23:11",5
"Ms. Laron Auer","2016-08-31 10:23:14",15
"Simeon Veum","2016-08-31 10:23:18",15
"Miss Nedra Donnelly","2016-08-31 10:23:18",7
"Bailee Johnson","2016-08-31 10:23:21",10
"Estrella Smitham","2016-08-31 10:23:30",13
"Dr. Nikki Champlin","2016-08-31 10:23:33",6
"David Eichmann","2016-08-31 10:23:35",18
"Kendall Hegmann","2016-08-31 10:23:44",22
"Miss Andres Kuhic","2016-08-31 10:23:53",18
"Monroe Jenkins","2016-08-31 10:23:58",24
"Ms. Jovanny McClure","2016-08-31 10:24:00",12
"Kaitlin Bailey","2016-08-31 10:24:06",20
"Madonna Jast","2016-08-31 10:24:11",21
"Dr. Lea Feeney","2016-08-31 10:24:13",8
"Celia Kozey","2016-08-31 10:24:21",5
"Orlando Armstrong","2016-08-31 10:24:21",18
"Mrs. Javonte Kessler","2016-08-31 10:24:25",11
"Edward Langosh Jr.","2016-08-31 10:24:33",9
"Mrs. Raoul Weimann","2016-08-31 10:24:33",7
"Ms. Grayson Ernser","2016-08-31 10:24:40",17
"Mose Kris","2016-08-31 10:24:40",15
"Gennaro Christiansen","2016-08-31 10:24:45",5
"Otho McLaughlin","2016-08-31 10:24:50",7
"Xander Mueller","2016-08-31 10:24:51",18
"Antwan Zulauf","2016-08-31 10:24:54",10
"Chesley Purdy","2016-08-31 10:24:56",5
"Mia Mayer","2016-08-31 10:24:58",9
"Oswaldo Zulauf","2016-08-31 10:25:02",15
"Lulu Haag","2016-08-31 10:25:07",22
"Jasen Turner","2016-08-31 10:25:15",21
"Krystina Greenholt","2016-08-31 10:25:21",13
"Grady Hilpert","2016-08-31 10:25:28",20
"Ivory Legros","2016-08-31 10:25:32",22
"Chelsea Dare","2016-08-31 10:25:34",24
"Rey Casper","2016-08-31 10:25:37",20
"Summer Marvin","2016-08-31 10:25:46",21
"Dr. Gilbert Langworth","2016-08-31 10:25:47",7
"Ida Schaefer","2016-08-31 10:25:52",10
"Ms. Wendell Weimann","2016-08-31 10:26:01",15
"Justus Bernier","2016-08-31 10:26:01",17
"Charles Effertz","2016-08-31 10:26:03",19
"Ms. Nichole Collier","2016-08-31 10:26:03",19
"Annabelle Greenholt Sr.","2016-08-31 10:26:05",13
"Jedidiah Kovacek","2016-08-31 10:26:11",13
"Ellie Herzog II","2016-08-31 10:26:20",19
"Mathias Bailey I","2016-08-31 10:26:25",15
"Baron Grimes","2016-08-31 10:26:26",24
"Olaf Zemlak","2016-08-31 10:26:27",15
"Hermann Sipes","2016-08-31 10:26:28",10
"Krystal Pouros","2016-08-31 10:26:36",8
"Dina Sipes I","2016-08-31 10:26:37",8
"Mr. Francisca Friesen","2016-08-31 10:26:43",5
"Shaniya Swaniawski DDS","2016-08-31 10:26:45",21
"Aletha Lynch","2016-08-31 10:26:46",23
"Gerard Weissnat Sr.","2016-08-31 10:26:46",15
"Davonte Gibson","2016-08-31 10:26:48",22
"Hoyt Lebsack","2016-08-31 10:26:49",12
"Augusta Wunsch PhD","2016-08-31 10:26:51",11
"Melvina Ferry","2016-08-31 10:26:54",20
"Miss Madelynn Lebsack","2016-08-31 10:27:00",5
"Mr. Donavon Wisozk","2016-08-31 10:27:04",24
"Jena Upton","2016-08-31 10:27:06",18
"Edison Ward","2016-08-31 10:27:08",12
"Keon Will","2016-08-31 10:27:10",8
"Miss Prudence Kuhn","2016-08-31 10:27:12",21
"Ramona Marquardt","2016-08-31 10:27:15",10
"Cameron Wilderman","2016-08-31 10:27:19",14
"Antonetta Christiansen","2016-08-31 10:27:21",12
"Reyes Nolan","2016-08-31 10:27:30",18
"Kiera Halvorson DVM","2016-08-31 10:27:30",14
"Dr. Orlo Mitchell","2016-08-31 10:27:33",11
"Marietta Cummerata","2016-08-31 10:27:40",11
"May Gutmann II","2016-08-31 10:27:44",13
"Joanne Corkery","2016-08-31 10:27:53",9
"Marilou Hoppe IV","2016-08-31 10:28:01",5
"Isidro Von","2016-08-31 10:28:06",7
"Celine Hahn PhD","2016-08-31 10:28:08",11
"Raina Renner IV","2016-08-31 10:28:16",19
"Joelle Jast","2016-08-31 10:28:25",16
"Marjolaine Dicki","2016-08-31 10:28:28",8
"Enid Carroll","2016-08-31 10:28:32",8
"Elyssa McLaughlin","2016-08-31 10:28:32",14
"Miss Ola Hodkiewicz","2016-08-31 10:28:34",18
"Colten Willms","2016-08-31 10:28:36",14
"Willa Parker","2016-08-31 10:28:43",7
"Elva Jerde","2016-08-31 10:28:52",13
"Samara Rau","2016-08-31 10:29:01",17
"Rahul Gottlieb MD","2016-08-31 10:29:04",16
"Mr. Ottilie Roob","2016-08-31 10:29:06",24
"Salvatore Kris","2016-08-31 10:29:14",15
"Kiara Hane III","2016-08-31 10:29:23",24
"Laisha Orn","2016-08-31 10:29:26",20
"Dr. Tamara Jones","2016-08-31 10:29:30",9
"Layne Gleason","2016-08-31 10:29:34",10
"Taya Mante III","2016-08-31 10:29:35",10
"Tyshawn Langosh","2016-08-31 10:29:44",8
"Gus Stark","2016-08-31 10:29:49",17
"Dr. Petra Jones","2016-08-31 10:29:52",14
"Lea Weimann","2016-08-31 10:29:58",24
"Kelvin Veum","2016-08-31 10:29:59",22
"Art Bergstrom","2016-08-31 10:30:07",5
"Cassandre Hand II","2016-08-31 10:30:08",5
"Mr. Tommie Osinski","2016-08-31 10:30:12",20
"Charlotte Rodriguez","2016-08-31 10:30:18",8
"Dr. Edna Herzog","2016-08-31 10:30:24",15
"Jessyca Nicolas","2016-08-31 10:30:26",20
"Raina Jacobi","2016-08-31 10:30:32",14
"Maryse Bins","2016-08-31 10:30:35",16
"Jerrell Hilll","2016-08-31 10:30:44",22
"Maximo Toy Jr.","2016-08-31 10:30:48",8
"Lavina Lubowitz","2016-08-31 10:30:57",6
"Mr. Shany Goodwin","2016-08-31 10:30:57",24
"Palma Yundt","2016-08-31 10:31:06",5
"Miss Ryley Rice","2016-08-31 10:31:14",21
"Jolie Bednar DVM","2016-08-31 10:31:16",13
"Payton Sawayn","2016-08-31 10:31:17",14
"Olaf Conn","2016-08-31 10:31:23",15
"Arne Shanahan PhD","2016-08-31 10:31:24",13
"Leonor Klocko Sr.","2016-08-31 10:31:26",17
"Ardella Swift","2016-08-31 10:31:30",12
"Edwardo Donnelly","2016-08-31 10:31:34",18
"Kamron Thompson","2016-08-31 10:31:37",20
"Maggie Denesik","2016-08-31 10:31:42",22
"Vergie Stiedemann","2016-08-31 10:31:44",23
"Merl Heathcote","2016-08-31 10:31:53",24
"Lucinda Rutherford","2016-08-31 10:31:58",7
"Citlalli Tremblay","2016-08-31 10:32:02",23
"Mallie Predovic","2016-08-31 10:32:10",19
"Patricia Hauck","2016-08-31 10:32:19",16
"Ms. Jaclyn Kshlerin","2016-08-31 10:32:19",24
"Ralph Dickens","2016-08-31 10:32:28",22
"Casimir Wolf","2016-08-31 10:32:28",9
"Lester Tromp","2016-08-31 10:32:33",23
"Sherwood Hodkiewicz MD","2016-08-31 10:32:40",22
"Arlo O'Kon","2016-08-31 10:32:49",9
"Mr. Weston Hoppe","2016-08-31 10:32:50",20
"Dr. Alfred Hansen","2016-08-31 10:32:57",6
"Gerry Hammes","2016-08-31 10:32:58",10
"Mrs. Shaun Crooks","2016-08-31 10:33:04",11
"Emilio Jerde","2016-08-31 10:33:10",14
"Mr. Ashley Kuvalis","2016-08-31 10:33:13",21
"Mr. Lilyan Bogan","2016-08-31 10:33:18",10
"Humberto Rippin","2016-08-31 10:33:18",6
"Rickey Greenfelder","2016-08-31 10:33:18",24
"Magali Witting","2016-08-31 10:33:18",18
"Mr. Ernestine Wolf","2016-08-31 10:33:25",6
"Alaina Langosh Sr.","2016-08-31 10:33:34",24
"Ines Johnston","2016-08-31 10:33:41",22
"Antwan Powlowski","2016-08-31 10:33:42",17
"Amely Rau Sr.","2016-08-31 10:33:43",18
"Watson Mayert","2016-08-31 10:33:50",13
"Hoyt Waelchi","2016-08-31 10:33:56",10
"Augustus Kutch","2016-08-31 10:33:59",12
"Donnell Price","2016-08-31 10:33:59",23
"Eduardo Kessler II","2016-08-31 10:34:06",14
"Gilda Predovic","2016-08-31 10:34:08",21
"Clyde Labadie","2016-08-31 10:34:17",15
"Anya Halvorson","2016-08-31 10:34:17",13
"Micaela Mann","2016-08-31 10:34:18",24
"Sofia Fahey DDS","2016-08-31 10:34:20",13
"Wyatt Daugherty","2016-08-31 10:34:24",11
"Mr. Winifred Langosh","2016-08-31 10:34:31",9
"Lucius Smith","2016-08-31 10:34:33",20
"Ms. Alison Feil","2016-08-31 10:34:33",5
"Elian Durgan","2016-08-31 10:34:36",13
"Alanis Tillman","2016-08-31 10:34:37",22
"Ned Howell","2016-08-31 10:34:41",10
"Kathryn Wehner","2016-08-31 10:34:41",24
"Nayeli Homenick PhD","2016-08-31 10:34:48",7
"Sallie Koch","2016-08-31 10:34:52",13
"General Fadel","2016-08-31 10:35:01",21
"Mrs. Meggie Gleason","2016-08-31 10:35:08",5
"Tate Beatty","2016-08-31 10:35:17",24
"Frances Ward","2016-08-31 10:35:22",21
"Providenci Conn","2016-08-31 10:35:23",7
"Lauretta Stehr","2016-08-31 10:35:27",14
"Coleman Hammes","2016-08-31 10:35:28",23
"Dr. Eloise Schmidt","2016-08-31 10:35:32",24
"Rebecca Langworth","2016-08-31 10:35:41",24
"Llewellyn MacGyver","2016-08-31 10:35:47",7
"Lemuel Konopelski","2016-08-31 10:35:47",8
"Kareem McGlynn","2016-08-31 10:35:47",13
"Darrel Kunze","2016-08-31 10:35:49",12
"Anderson Schaden","2016-08-31 10:35:54",7
"Theo Waelchi","2016-08-31 10:36:02",7
"Dylan Hudson","2016-08-31 10:36:11",10
"Kiel Hodkiewicz","2016-08-31 10:36:14",9
"Vern Reinger","2016-08-31 10:36:16",6
"Carissa Kutch","2016-08-31 10:36:18",19
"Weldon Friesen","2016-08-31 10:36:21",16
"Jennyfer McKenzie","2016-08-31 10:36:30",22
"Ronaldo Wyman","2016-08-31 10:36:36",6
"Charity Effertz","2016-08-31 10:36:40",20
"Fanny Daniel","2016-08-31 10:36:46",17
"Meggie Hermiston PhD","2016-08-31 10:36:55",17
"Estella Wiegand","2016-08-31 10:37:03",9
"Frederic Roob DDS","2016-08-31 10:37:10",14
"Rollin Nolan IV","2016-08-31 10:37:18",7
"Arlie Morissette","2016-08-31 10:37:18",7
"Velva Quitzon","2016-08-31 10:37:21",19
"Ladarius Greenfelder II","2016-08-31 10:37:27",17
"Miles Reinger","2016-08-31 10:37:36",14
"Elliott Russel DDS","2016-08-31 10:37:43",11
"Ava Nolan","2016-08-31 10:37:44",8
"Rebeka Conroy","2016-08-31 10:37:46",17
"Dr. Macie Littel","2016-08-31 10:37:55",9
"Dr. Thomas Terry","2016-08-31 10:37:59",8
"Tyson Lang","2016-08-31 10:38:07",6
"Santina Paucek","2016-08-31 10:38:10",21
"Arianna Hills","2016-08-31 10:38:17",18
"Jerrold Stehr","2016-08-31 10:38:26",19
"Mr. Mattie Fay","2016-08-31 10:38:27",18
"Germaine Koss","2016-08-31 10:38:35",24
"Susana Reinger","2016-08-31 10:38:44",17
"Kristina Daniel","2016-08-31 10:38:47",21
"Mallie Carroll DDS","2016-08-31 10:38:48",11
"Lesley Kuhn","2016-08-31 10:38:56",6
"Athena Cummings","2016-08-31 10:39:00",12
"Betty Oberbrunner DVM","2016-08-31 10:39:07",5
"Elijah Roob","2016-08-31 10:39:08",17
"Leonard Sawayn","2016-08-31 10:39:16",14
"Arlie Volkman MD","2016-08-31 10:39:25",21
"Lori Kerluke","2016-08-31 10:39:30",16
"Candelario Effertz","2016-08-31 10:39:33",15
"Virginia Altenwerth DDS","2016-08-31 10:39:42",11
"Serena Thiel","2016-08-31 10:39:51",20
"Ashlee Gislason","2016-08-31 10:39:58",15
"Bo Gutmann","2016-08-31 10:40:06",19
"Dr. Devyn Grimes","2016-08-31 10:40:11",16
"Roy Batz","2016-08-31 10:40:12",13
"Trey Schroeder","2016-08-31 10:40:13",15
"Mrs. Emilia Bernhard","2016-08-31 10:40:16",24
"Mohamed Stamm","2016-08-31 10:40:21",5
"Dr. Rebeka Rosenbaum","2016-08-31 10:40:24",11
"Federico Howell","2016-08-31 10:40:27",5
"Dr. Kaley Bauch","2016-08-31 10:40:30",5
"Miss Leonel Rippin","2016-08-31 10:40:33",7
"Wilson Bartoletti","2016-08-31 10:40:36",18
"Broderick Wintheiser","2016-08-31 10:40:43",14
"Frankie Bayer","2016-08-31 10:40:50",9
"Tristian Kris","2016-08-31 10:40:59",10
"Charley Ryan","2016-08-31 10:41:04",24
"Julia O'Keefe","2016-08-31 10:41:05",24
"Muriel Mante","2016-08-31 10:41:07",21
"Dean Rath","2016-08-31 10:41:09",19
"Maeve Kerluke","2016-08-31 10:41:12",14
"Richie Haag","2016-08-31 10:41:13",6
"Taurean Moore","2016-08-31 10:41:17",18
"Sean Hartmann","2016-08-31 10:41:18",8
"Scot Rutherford","2016-08-31 10:41:27",22
"Agnes Hudson","2016-08-31 10:41:32",14
"Ms. Dovie Wehner","2016-08-31 10:41:38",11
"Beth Maggio","2016-08-31 10:41:47",11
"Cathryn Lubowitz","2016-08-31 10:41:55",20
"Florencio Leuschke DDS","2016-08-31 10:42:03",17
"Tracy Barrows","2016-08-31 10:42:10",10
"Tyree Parker","2016-08-31 10:42:10",9
"Jay Trantow","2016-08-31 10:42:11",15
"Ibrahim Jaskolski","2016-08-31 10:42:19",17
"Kacie Stanton","2016-08-31 10:42:28",11
"Amos VonRueden","2016-08-31 10:42:32",11
"Angie Langosh","2016-08-31 10:42:38",15
"Arielle Kautzer","2016-08-31 10:42:40",12
"Mable Russel","2016-08-31 10:42:40",23
"Alva Hickle DDS","2016-08-31 10:42:45",7
"Elmore Watsica","2016-08-31 10:42:45",24
"Ms. Abbey Metz","2016-08-31 10:42:47",9
"Augustine Connelly","2016-08-31 10:42:51",11
"Wilton Wolff","2016-08-31 10:42:56",22
"Mrs. Mona Moen","2016-08-31 10:43:01",23
"Araceli Morissette","2016-08-31 10:43:01",17
"Lessie Pfannerstill","2016-08-31 10:43:10",7
"Adrain Olson","2016-08-31 10:43:15",18
"Garrick Mayert PhD","2016-08-31 10:43:20",7
"Krista Corwin","2016-08-31 10:43:27",17
"Madisyn Moore","2016-08-31 10:43:28",18
"Dr. Sylvia Hand","2016-08-31 10:43:28",23
"Mrs. Helena Nolan","2016-08-31 10:43:35",9
"Kayla Koepp","2016-08-31 10:43:37",9
"Mr. Ron Russel","2016-08-31 10:43:43",10
"Rosamond Legros DDS","2016-08-31 10:43:47",11
"Garland Kub","2016-08-31 10:43:55",14
"Mrs. Assunta Keebler","2016-08-31 10:43:55",11
"Minerva Schamberger","2016-08-31 10:43:56",13
"Travis Donnelly","2016-08-31 10:44:02",24
"Margarette Kessler","2016-08-31 10:44:09",11
"Estella Blick","2016-08-31 10:44:11",19
"Jordan Hoeger MD","2016-08-31 10:44:18",10
"Mrs. Travis Kuphal","2016-08-31 10:44:26",10
"Terrance Crooks","2016-08-31 10:44:30",11
"Camron Kuhn","2016-08-31 10:44:31",13
"Dr. Bianka Lindgren","2016-08-31 10:44:32",19
"Glenda Collins DDS","2016-08-31 10:44:33",17
"Deborah DuBuque V","2016-08-31 10:44:40",7
"Forrest Morissette","2016-08-31 10:44:47",21
"Johnathan Goldner","2016-08-31 10:44:56",11
"Ms. Irving Conroy","2016-08-31 10:44:59",7
"Libbie Steuber MD","2016-08-31 10:45:04",6
"Tillman Buckridge","2016-08-31 10:45:12",6
"Maia Blick","2016-08-31 10:45:19",22
"Kennedi Torphy","2016-08-31 10:45:28",5
"Rickie Stokes","2016-08-31 10:45:34",8
"Jonatan McClure","2016-08-31 10:45:42",8
"Ora Cartwright III","2016-08-31 10:45:44",5
"Liam Wolf","2016-08-31 10:45:49",12
"Vanessa Bailey","2016-08-31 10:45:50",14
"Douglas Mertz","2016-08-31 10:45:50",12
"Charlene Kling","2016-08-31 10:45:53",10
"Irving Torp","2016-08-31 10:45:54",7
"Cassandre Bradtke I","2016-08-31 10:45:55",9
"Woodrow Herman","2016-08-31 10:45:58",19
"Tony Pouros","2016-08-31 10:46:06",21
"Floyd Anderson","2016-08-31 10:46:09",12
"Mr. Pete Conroy","2016-08-31 10:46:11",14
"Antonia McLaughlin","2016-08-31 10:46:20",22
"Evert Wintheiser","2016-08-31 10:46:28",18
"Stefan Franecki","2016-08-31 10:46:36",11
"Dr. Lucy Reinger","2016-08-31 10:46:45",18
"Mr. Gussie Mitchell","2016-08-31 10:46:49",9
"Tressie Heaney","2016-08-31 10:46:54",8
"Blake O'Connell","2016-08-31 10:46:59",7
"Mrs. Felicity Bernier","2016-08-31 10:47:00",6
"Enos Gerlach","2016-08-31 10:47:07",22
"Lexi Hoeger","2016-08-31 10:47:10",24
"Granville Rosenbaum","2016-08-31 10:47:14",5
"Laurie Simonis","2016-08-31 10:47:23",8
"Marlen Ferry","2016-08-31 10:47:32",7
"Graham Heathcote","2016-08-31 10:47:37",20
"Tyrell Larson","2016-08-31 10:47:46",24
"Mrs. Rupert Hessel","2016-08-31 10:47:54",14
"Lenore Torphy","2016-08-31 10:47:55",22
"Myron Spinka","2016-08-31 10:48:00",18
"Valerie Breitenberg","2016-08-31 10:48:00",5
"Marianna Green IV","2016-08-31 10:48:04",23
"Ms. Krystel Huels","2016-08-31 10:48:09",22
"Chaz Luettgen","2016-08-31 10:48:09",16
"Dayne MacGyver","2016-08-31 10:48:11",17
"Una Hackett Jr.","2016-08-31 10:48:15",15
"Jillian O'Keefe","2016-08-31 10:48:19",13
"Veda Gorczany","2016-08-31 10:48:24",22
"Mr. Burley Schmeler","2016-08-31 10:48:27",24
"Nathan Murphy","2016-08-31 10:48:30",23
"Nigel Becker","2016-08-31 10:48:38",21
"Willy Lemke","2016-08-31 10:48:40",8
"Wilfrid Labadie","2016-08-31 10:48:43",10
"Ms. Mireya Boyer","2016-08-31 10:48:52",23
"Leonora Stracke","2016-08-31 10:48:53",10
"Carter Langworth II","2016-08-31 10:48:53",8
"Jamel Dooley","2016-08-31 10:49:02",20
"Mrs. Summer Weimann","2016-08-31 10:49:04",21
"Gregorio Sipes","2016-08-31 10:49:07",20
"Deonte Shanahan","2016-08-31 10:49:09",24
"Makenzie Doyle","2016-08-31 10:49:16",15
"Laurence Hane","2016-08-31 10:49:21",24
"Keanu Champlin","2016-08-31 10:49:28",16
"Kaylah Marks","2016-08-31 10:49:29",24
"Kara Feil DVM","2016-08-31 10:49:32",15
"Margret Johnston","2016-08-31 10:49:34",9
"Alexandrine Renner","2016-08-31 10:49:39",9
"Jaydon Waelchi","2016-08-31 10:49:46",11
"Rosina Cronin","2016-08-31 10:49:47",12
"Horacio Beahan DDS","2016-08-31 10:49:56",18
"Roselyn Lueilwitz","2016-08-31 10:50:01",12
"Dusty Konopelski","2016-08-31 10:50:10",16
"Shanie Rosenbaum","2016-08-31 10:50:18",11
"Delilah Walker","2016-08-31 10:50:21",20
"Vito Hagenes I","2016-08-31 10:50:30",5
"Ruth Keeling","2016-08-31 10:50:31",8
"Taurean Murphy","2016-08-31 10:50:32",11
"Kelli Rodriguez","2016-08-31 10:50:36",13
"Fay Kihn","2016-08-31 10:50:39",21
"Quinn Aufderhar","2016-08-31 10:50:47",7
"Myrtice Stiedemann","2016-08-31 10:50:55",19
"Fabiola Jerde","2016-08-31 10:50:57",19
"Zack Reilly","2016-08-31 10:51:01",14
"Yessenia Bailey","2016-08-31 10:51:08",5
"Emerald Heidenreich Sr.","2016-08-31 10:51:08",8
"Santos Reichel","2016-08-31 10:51:12",18
"Joesph Hand","2016-08-31 10:51:12",9
"Rosario Lang","2016-08-31 10:51:15",22
"Bernard Kautzer I","2016-08-31 10:51:20",19
"Joannie Kuhn","2016-08-31 10:51:27",24
"Christop Conn","2016-08-31 10:51:32",21
"Jon Cole","2016-08-31 10:51:32",14
"Sydni Ryan","2016-08-31 10:51:41",8
"Michale Ullrich","2016-08-31 10:51:41",14
"Mrs. Rex Rohan","2016-08-31 10:51:42",8
"Mr. Chasity Rogahn","2016-08-31 10:51:45",22
"Mr. Reagan Lind","2016-08-31 10:51:53",22
"Amina Stehr","2016-08-31 10:51:56",5
"Coleman Christiansen","2016-08-31 10:52:02",18
"Marcos Powlowski","2016-08-31 10:52:10",7
"Marcella Bruen","2016-08-31 10:52:11",24
"Rosa Kovacek","2016-08-31 10:52:11",16
"Rasheed Schneider DVM","2016-08-31 10:52:16",8
"Crystel Prosacco DDS","2016-08-31 10:52:24",19
"Miss Rylee Vandervort","2016-08-31 10:52:27",23
"Marisol Murphy","2016-08-31 10:52:32",16
"Tommie Kuhlman","2016-08-31 10:52:33",21
"Name Cremin","2016-08-31 10:52:33",14
"Federico Marquardt","2016-08-31 10:52:38",8
"Joshua Champlin I","2016-08-31 10:52:44",5
"Lew Reilly DDS","2016-08-31 10:52:52",23
"Mateo Schultz","2016-08-31 10:52:52",21
"Emmanuel Ward","2016-08-31 10:52:53",17
"Weston Pollich","2016-08-31 10:52:55",21
"Assunta Schuster","2016-08-31 10:52:57",11
"Amy Veum","2016-08-31 10:53:06",15
"Macey Gaylord","2016-08-31 10:53:15",23
"Isobel Spencer II","2016-08-31 10:53:17",15
"Greta Cremin","2016-08-31 10:53:24",12
"Bruce Kunze","2016-08-31 10:53:32",12
"Ubaldo Koepp III","2016-08-31 10:53:36",24
"Ivy Balistreri I","2016-08-31 10:53:44",14
"Mr. Christelle Powlowski","2016-08-31 10:53:53",17
"Stephan Waters","2016-08-31 10:54:01",24
"Weston Lind","2016-08-31 10:54:04",13
"Amely Osinski","2016-08-31 10:54:05",6
"Meggie Dicki","2016-08-31 10:54:06",12
"Reyna Hammes","2016-08-31 10:54:06",21
"Emmet Herman","2016-08-31 10:54:14",11
"Peyton Mayer","2016-08-31 10:54:20",10
"Tom Lemke","2016-08-31 10:54:25",20
"Lurline Marquardt","2016-08-31 10:54:27",17
"Allen O'Connell","2016-08-31 10:54:27",18
"Brycen Stark Jr.","2016-08-31 10:54:36",11
"Humberto McGlynn","2016-08-31 10:54:45",21
"Daisy Jacobi","2016-08-31 10:54:52",9
"Briana Beahan DDS","2016-08-31 10:54:54",16
"Brain Jacobi","2016-08-31 10:55:02",16
"Irving Ankunding","2016-08-31 10:55:10",8
"Mavis Kertzmann","2016-08-31 10:55:16",15
"Glen Lubowitz","2016-08-31 10:55:24",23
"Lorine Blick","2016-08-31 10:55:27",23
"Sterling Schimmel","2016-08-31 10:55:33",5
"Brittany Schaefer","2016-08-31 10:55:34",19
"Adrian Ziemann PhD","2016-08-31 10:55:41",8
"Sunny Kautzer","2016-08-31 10:55:47",22
"Mellie Harber","2016-08-31 10:55:55",12
"Maya Lueilwitz","2016-08-31 10:55:57",11
"Baby Crooks DDS","2016-08-31 10:55:59",16
"Alexa Watsica","2016-08-31 10:56:01",9
"Miss Javier Mayer","2016-08-31 10:56:06",6
"Dandre Rohan","2016-08-31 10:56:09",7
"Tre Strosin","2016-08-31 10:56:17",18
"Tony Dach","2016-08-31 10:56:25",15
"Nathanial Heller","2016-08-31 10:56:29",22
"Kaylah Abshire","2016-08-31 10:56:32",23
"Chadd Wolf","2016-08-31 10:56:32",14
"Yvonne Runolfsdottir","2016-08-31 10:56:39",6
"Opal Harris","2016-08-31 10:56:39",22
"Flo O'Keefe","2016-08-31 10:56:39",17
"Mariam Oberbrunner","2016-08-31 10:56:39",11
"Lucio Bins","2016-08-31 10:56:44",21
"Arlene McCullough","2016-08-31 10:56:45",21
"Frederik Boyer","2016-08-31 10:56:51",10
"Britney Rowe","2016-08-31 10:56:58",14
"Jocelyn Hahn","2016-08-31 10:56:59",12
"Meagan Breitenberg","2016-08-31 10:57:07",6
"Anika Mills","2016-08-31 10:57:15",16
"Georgianna Mohr","2016-08-31 10:57:22",17
"Floyd Wehner","2016-08-31 10:57:30",20
"Phyllis Hyatt DVM","2016-08-31 10:57:31",10
"Terrell Wilderman","2016-08-31 10:57:34",15
"Gladyce Braun DVM","2016-08-31 10:57:35",23
"Andres Schamberger","2016-08-31 10:57:42",18
"Ms. Bettye Schmeler","2016-08-31 10:57:51",9
"Henderson Yundt I","2016-08-31 10:57:56",24
"Leopoldo Schoen Jr.","2016-08-31 10:58:05",20
"Kianna Marquardt","2016-08-31 10:58:14",17
"Chaz Green","2016-08-31 10:58:21",12
"Haylie Walker","2016-08-31 10:58:22",10
"Reed Ferry","2016-08-31 10:58:31",24
"Rahsaan Terry","2016-08-31 10:58:31",12
"Alberta Larson","2016-08-31 10:58:37",8
"Hadley Dibbert","2016-08-31 10:58:45",7
"Chanel Raynor","2016-08-31 10:58:45",15
"Ms. Edgar Grady","2016-08-31 10:58:50",12
"Ms. Isac Miller","2016-08-31 10:58:59",23
"Alford Langworth Jr.","2016-08-31 10:59:04",6
"Miss Elijah Hilll","2016-08-31 10:59:05",9
"Berneice Rolfson","2016-08-31 10:59:09",10
"Miss Leola Thompson","2016-08-31 10:59:09",5
"Antonia Wuckert","2016-08-31 10:59:10",13
"Mrs. Arely Treutel","2016-08-31 10:59:10",17
"Treva Ebert","2016-08-31 10:59:15",12
"Gardner Hettinger","2016-08-31 10:59:16",11
"Martina Crooks II","2016-08-31 10:59:18",11
"Bethel Gibson","2016-08-31 10:59:18",12
"Miss Eulalia Gleason","2016-08-31 10:59:18",9
"Mrs. Nathan Corkery","2016-08-31 10:59:21",11
"Dario Heller","2016-08-31 10:59:23",9
"Ms. Shaina Gleichner","2016-08-31 10:59:25",15
"Lorenz Larkin V","2016-08-31 10:59:33",21
"Garth Hansen","2016-08-31 10:59:33",12
"Brandon Collins","2016-08-31 10:59:36",16
"Berry Crona IV","2016-08-31 10:59:44",10
"Gertrude Wisoky","2016-08-31 10:59:47",22
"Lolita Lebsack","2016-08-31 10:59:54",13
"Cheyenne Volkman MD","2016-08-31 11:00:02",22
"Meggie Reilly","2016-08-31 11:00:10",21
"Mr. Verdie Olson","2016-08-31 11:00:18",22
"Dr. Yoshiko Grimes","2016-08-31 11:00:23",10
"Miss Hyman Buckridge","2016-08-31 11:00:23",7
"Frank Hackett","2016-08-31 11:00:30",24
"Mr. Loyal McClure","2016-08-31 11:00:33",15
"Caleb Towne","2016-08-31 11:00:36",18
"Gaston Lynch","2016-08-31 11:00:39",16
"Violette Ankunding","2016-08-31 11:00:40",13
"Theo Lemke","2016-08-31 11:00:44",24
"Marina Lynch","2016-08-31 11:00:47",15
"Constance DuBuque","2016-08-31 11:00:55",18
"Sonny Lehner III","2016-08-31 11:00:58",7
"Kassandra Feest","2016-08-31 11:01:02",16
"Ivy Bauch","2016-08-31 11:01:08",13
"Dr. Alec D'Amore","2016-08-31 11:01:15",20
"Reid Beier","2016-08-31 11:01:22",19
"Hershel VonRueden","2016-08-31 11:01:29",10
"Kacie McCullough","2016-08-31 11:01:31",20
"Ms. Vesta Swaniawski","2016-08-31 11:01:36",10
"Miss Gordon Schultz","2016-08-31 11:01:36",5
"Miss Genesis Runte","2016-08-31 11:01:44",18
"Marc Cremin V","2016-08-31 11:01:45",21
"Ena Schumm I","2016-08-31 11:01:53",7
"Doris Connelly","2016-08-31 11:01:56",12
"Mrs. Odell Nolan","2016-08-31 11:02:03",19
"Stephen Mayert","2016-08-31 11:02:10",16
"Mr. Meta Hudson","2016-08-31 11:02:17",10
"Irving Green","2016-08-31 11:02:23",24
"Stan Lubowitz","2016-08-31 11:02:29",9
"Gussie Kulas Sr.","2016-08-31 11:02:32",20
"Ilene Lemke","2016-08-31 11:02:35",14
"Marisa Rogahn II","2016-08-31 11:02:41",15
"Lew Beahan","2016-08-31 11:02:46",6
"Maybell Paucek","2016-08-31 11:02:49",12
"Rafaela Kessler I","2016-08-31 11:02:54",7
"Lurline Dibbert","2016-08-31 11:02:57",7
"Nellie Reichel DVM","2016-08-31 11:03:02",8
"Erika Stiedemann Jr.","2016-08-31 11:03:04",6
"Nikko Hahn","2016-08-31 11:03:05",15
"Rickie Schamberger","2016-08-31 11:03:10",20
"Kenyatta Douglas","2016-08-31 11:03:12",15
"Annetta Harris III","2016-08-31 11:03:12",14
"Freda Huels","2016-08-31 11:03:13",18
"Elena Wintheiser MD","2016-08-31 11:03:17",23
"Amani Batz II","2016-08-31 11:03:19",12
"Mr. Freddie O'Connell","2016-08-31 11:03:26",24
"Cole Beatty I","2016-08-31 11:03:34",5
"Laurine Jacobs MD","2016-08-31 11:03:43",19
"Albin Dibbert IV","2016-08-31 11:03:49",15
"Ms. Crystel McClure","2016-08-31 11:03:58",6
"Lorenz Hoeger","2016-08-31 11:04:00",12
"Clyde Weissnat","2016-08-31 11:04:01",9
"Craig Labadie","2016-08-31 11:04:06",12
"Ms. Sidney Leannon","2016-08-31 11:04:07",17
"Howell Klein","2016-08-31 11:04:14",12
"Giuseppe Morar","2016-08-31 11:04:16",20
"Wilhelm Stracke","2016-08-31 11:04:24",8
"Josephine Murray","2016-08-31 11:04:24",9
"Lorna Botsford","2016-08-31 11:04:25",12
"Helen O'Hara","2016-08-31 11:04:31",22
"Talon Pfeffer","2016-08-31 11:04:39",19
"Sharon Bayer","2016-08-31 11:04:42",10
"Allison Cormier","2016-08-31 11:04:47",18
"Ms. Keven Wilderman","2016-08-31 11:04:54",16
"Miss Delbert Daniel","2016-08-31 11:04:59",12
"Mr. Dagmar Dare","2016-08-31 11:05:07",24
"Adele Crooks","2016-08-31 11:05:08",16
"Milan Nicolas","2016-08-31 11:05:13",10
"Darrin Schneider","2016-08-31 11:05:13",24
"Loraine Anderson","2016-08-31 11:05:16",12
"Tremayne Doyle","2016-08-31 11:05:20",5
"Creola Schmitt","2016-08-31 11:05:28",12
"Velda Lueilwitz","2016-08-31 11:05:29",14
"Berry Bayer","2016-08-31 11:05:36",7
"Shirley Graham","2016-08-31 11:05:42",21
"Dorthy Koelpin","2016-08-31 11:05:46",14
"Hilbert Cartwright","2016-08-31 11:05:53",15
"Levi Murphy","2016-08-31 11:05:57",17
"Elwin Corkery","2016-08-31 11:06:06",8
"Miss Jack Cronin","2016-08-31 11:06:07",9
"Herminia Batz","2016-08-31 11:06:16",18
"Kathryne Simonis","2016-08-31 11:06:16",10
"Ms. Napoleon Lubowitz","2016-08-31 11:06:21",21
"Rebeca Jast","2016-08-31 11:06:21",24
"Earlene Schoen","2016-08-31 11:06:30",18
"Levi Breitenberg","2016-08-31 11:06:31",15
"Jalen Skiles","2016-08-31 11:06:34",22
"Dr. Gilda Murazik","2016-08-31 11:06:41",12
"Harmon Herman","2016-08-31 11:06:45",20
"Cody Wunsch","2016-08-31 11:06:49",17
"Demarco Will","2016-08-31 11:06:53",13
"Milan Bosco","2016-08-31 11:07:02",21
"Verla Hane","2016-08-31 11:07:06",17
"Adeline Haley I","2016-08-31 11:07:06",12
"Pink Reinger","2016-08-31 11:07:08",12
"Justyn Sawayn","2016-08-31 11:07:15",23
"Susie Gibson Jr.","2016-08-31 11:07:21",17
"Estevan Friesen","2016-08-31 11:07:22",12
"Maybelle Walker MD","2016-08-31 11:07:26",15
"Jermaine Ankunding","2016-08-31 11:07:26",22
"Colt Kemmer","2016-08-31 11:07:28",18
"Ms. Antwon Wintheiser","2016-08-31 11:07:28",13
"Nola Wintheiser","2016-08-31 11:07:34",6
"Mr. Eleazar Trantow","2016-08-31 11:07:35",24
"Olga Zboncak","2016-08-31 11:07:43",24
"Mr. Susan Predovic","2016-08-31 11:07:50",15
"Morgan Rice","2016-08-31 11:07:53",8
"Devan Gulgowski","2016-08-31 11:07:58",21
"Modesta Breitenberg","2016-08-31 11:08:04",21
"Keara Larkin","2016-08-31 11:08:06",14
"Maxwell Rice","2016-08-31 11:08:08",23
"Walton Ernser","2016-08-31 11:08:16",14
"Gussie Pouros","2016-08-31 11:08:17",5
"Mrs. Earlene Brown","2016-08-31 11:08:26",22
"Kaya Ratke","2016-08-31 11:08:29",22
"Ms. Heidi Kris","2016-08-31 11:08:34",15
"Cydney Reynolds","2016-08-31 11:08:35",16
"Alize Renner","2016-08-31 11:08:38",6
"Jake Prohaska","2016-08-31 11:08:45",15
"Lesly Lynch","2016-08-31 11:08:50",11
"Mrs. Callie Hammes","2016-08-31 11:08:50",8
"Schuyler Pagac IV","2016-08-31 11:08:50",8
"Lou Gislason PhD","2016-08-31 11:08:51",23
"Ms. Margarita Ward","2016-08-31 11:08:52",9
"Stan Predovic","2016-08-31 11:09:00",21
"Jason Kiehn","2016-08-31 11:09:04",21
"Mr. Kailee Sauer","2016-08-31 11:09:07",22
"Mrs. Axel Koepp","2016-08-31 11:09:09",15
"Leola Greenholt","2016-08-31 11:09:10",24
"Selena Gaylord DDS","2016-08-31 11:09:17",23
"Perry Bednar","2016-08-31 11:09:19",5
"Ethan Wintheiser III","2016-08-31 11:09:25",19
"Fredrick Pfannerstill","2016-08-31 11:09:32",14
"Rowland Rice","2016-08-31 11:09:33",24
"Gladys Hagenes","2016-08-31 11:09:42",20
"Friedrich Will","2016-08-31 11:09:44",7
"Cullen Doyle I","2016-08-31 11:09:46",5
"Sidney Swift","2016-08-31 11:09:52",11
"Kobe Dietrich","2016-08-31 11:09:59",6
"Naomi Schulist","2016-08-31 11:10:01",17
"Amalia Dicki","2016-08-31 11:10:03",21
"Terrence Oberbrunner","2016-08-31 11:10:07",18
"Alexandria Volkman","2016-08-31 11:10:08",17
"Gerry Metz","2016-08-31 11:10:11",17
"Aleen Wyman","2016-08-31 11:10:16",16
"Jovan Becker","2016-08-31 11:10:23",23
"Everardo Breitenberg","2016-08-31 11:10:32",19
"Brain Walker","2016-08-31 11:10:38",21
"Georgiana Feil","2016-08-31 11:10:45",14
"Lorna Tromp","2016-08-31 11:10:45",8
"Ms. Brady Jacobson","2016-08-31 11:10:49",6
"Daren Rau","2016-08-31 11:10:55",5
"Asha Collier","2016-08-31 11:10:56",12
"Brent Luettgen","2016-08-31 11:11:01",24
"Odie Walsh","2016-08-31 11:11:08",16
"Holden Vandervort","2016-08-31 11:11:16",7
"Adolfo Morissette","2016-08-31 11:11:17",24
"Mr. Anthony Gutmann","2016-08-31 11:11:20",10
"Juliana Ullrich","2016-08-31 11:11:26",7
"Trinity Walter","2016-08-31 11:11:27",23
"Janis Klein Jr.","2016-08-31 11:11:35",5
"Lacey Yundt","2016-08-31 11:11:35",6
"Wyatt Strosin","2016-08-31 11:11:43",11
"Alessia Gutmann IV","2016-08-31 11:11:49",20
"Annamarie Hegmann","2016-08-31 11:11:55",8
"Nicholaus Hills","2016-08-31 11:11:58",14
"Earnest Ruecker","2016-08-31 11:12:03",6
"Makenzie Boyer","2016-08-31 11:12:04",19
"Janis Kutch Sr.","2016-08-31 11:12:10",17
"Napoleon Pagac","2016-08-31 11:12:14",18
"Mohammed Wilkinson","2016-08-31 11:12:18",11
"Francesca Marks","2016-08-31 11:12:27",16
"Pete Conroy","2016-08-31 11:12:30",6
"Ms. Angelo Reichel","2016-08-31 11:12:35",17
"Scot Grant","2016-08-31 11:12:43",22
"Leola Cummings","2016-08-31 11:12:47",9
"Yoshiko Lueilwitz","2016-08-31 11:12:55",20
"Katarina Cronin","2016-08-31 11:12:56",14
"Ansel Littel","2016-08-31 11:13:03",8
"Coby Smith","2016-08-31 11:13:09",12
"Arlie Christiansen","2016-08-31 11:13:09",7
